hive,x,y,fitness
0,1.006571,-0.019192,0.913500
1,-0.074348,0.935497,0.362033
2,0.022663,-0.025041,4.427379
3,-0.004287,-0.960473,0.811049
4,0.038340,1.042257,0.579058
5,-0.047039,1.024424,0.623918
6,-0.058761,1.040229,0.481428
7,-0.052068,-0.944885,0.495161
-1,0.106772,0.081314,-1
