hive,x,y,fitness
0,-0.021101,0.013532,8.031264
1,0.002028,-0.008861,61.007294
2,0.026748,-0.003290,6.956220
3,0.012548,-0.035906,3.497521
4,-0.013474,0.007704,20.935202
5,-0.006368,0.015771,17.437998
6,-0.004460,0.009475,45.971996
7,0.008972,0.019843,10.640851
-1,-0.001825,0.002881,-1
