hive,x,y,fitness
0,0.923587,0.845131,82.975693
1,0.946376,0.890397,178.202759
2,1.051354,1.099427,162.887390
3,0.993881,0.984873,1118.437988
4,1.021174,1.043943,1725.027222
5,0.965886,0.928755,343.491730
6,0.959280,0.923657,351.948273
7,1.033549,1.073679,243.826477
-1,1.001018,1.002216,-1
