hive,x,y,fitness
0,0.915150,0.795332,5.404904
1,0.826618,0.658079,10.676723
2,0.617953,0.370224,6.269064
3,0.580096,0.314094,4.413578
4,1.418658,1.972543,2.979355
5,0.637167,0.382811,5.395680
6,0.767196,0.585669,18.165123
7,1.078981,1.153928,59.558517
-1,0.939807,0.906759,-1
