hive,x,y,fitness
0,0.000898,-0.007118,19425.738281
1,0.020655,0.001543,2330.954346
2,0.006297,-0.000733,24883.212891
3,-0.009663,-0.005528,8068.598145
4,0.016942,0.003979,3302.002930
5,0.017822,0.004518,2958.344482
6,0.013507,0.014435,2558.652832
7,0.001172,-0.000667,549702.000000
-1,0.001520,-0.000816,-1
