hive,x,y,fitness
0,-0.011383,-0.060576,263.228577
1,-0.026480,0.011158,1211.113770
2,-0.075137,-0.028490,154.865555
3,0.034020,-0.034462,426.443512
4,-0.115153,0.053454,62.044655
5,0.003808,-0.023494,1765.349121
6,-0.009301,0.018500,2332.329590
7,0.014099,0.072301,184.291779
-1,-0.000353,0.00070,-1
